<?xml version="1.0" encoding="utf-8"?>
<System>
  <P Name="Location">[8, 8, 1167, 761]</P>
  <P Name="SystemRect">[0.000000, 0.000000, 0.000000, 0.000000]</P>
  <P Name="Open">on</P>
  <P Name="SetExecutionDomain">off</P>
  <P Name="ExecutionDomainType">Deduce</P>
  <P Name="ZoomFactor">141</P>
  <P Name="ReportName">simulink-default.rpt</P>
  <P Name="SIDHighWatermark">44</P>
  <P Name="SimulinkSubDomain">Simulink</P>
  <Block BlockType="Reference" Name="Band-Limited&#xA;White Noise" SID="41">
    <P Name="Ports">[0, 1]</P>
    <P Name="Position">[485, 240, 515, 270]</P>
    <P Name="ZOrder">528</P>
    <P Name="LibraryVersion">1.476</P>
    <P Name="SourceBlock">simulink/Sources/Band-Limited
White Noise</P>
    <P Name="SourceType">Band-Limited White Noise.</P>
    <P Name="SourceProductBaseCode">SL</P>
    <InstanceData>
      <P Name="RTWMemSecFuncInitTerm">Inherit from model</P>
      <P Name="RTWMemSecFuncExecute">Inherit from model</P>
      <P Name="RTWMemSecDataConstants">Inherit from model</P>
      <P Name="RTWMemSecDataInternal">Inherit from model</P>
      <P Name="RTWMemSecDataParameters">Inherit from model</P>
      <P Name="ContentPreviewEnabled">on</P>
      <P Name="Cov">[0.000001]</P>
      <P Name="Ts">0.1</P>
      <P Name="seed">[23341]</P>
      <P Name="VectorParams1D">on</P>
    </InstanceData>
  </Block>
  <Block BlockType="Reference" Name="Band-Limited&#xA;White Noise1" SID="42">
    <P Name="Ports">[0, 1]</P>
    <P Name="Position">[390, 215, 420, 245]</P>
    <P Name="ZOrder">529</P>
    <P Name="LibraryVersion">1.476</P>
    <P Name="SourceBlock">simulink/Sources/Band-Limited
White Noise</P>
    <P Name="SourceType">Band-Limited White Noise.</P>
    <P Name="SourceProductBaseCode">SL</P>
    <InstanceData>
      <P Name="RTWMemSecFuncInitTerm">Inherit from model</P>
      <P Name="RTWMemSecFuncExecute">Inherit from model</P>
      <P Name="RTWMemSecDataConstants">Inherit from model</P>
      <P Name="RTWMemSecDataInternal">Inherit from model</P>
      <P Name="RTWMemSecDataParameters">Inherit from model</P>
      <P Name="ContentPreviewEnabled">on</P>
      <P Name="Cov">[0.000000001]</P>
      <P Name="Ts">0.1</P>
      <P Name="seed">[23341]</P>
      <P Name="VectorParams1D">on</P>
    </InstanceData>
  </Block>
  <Block BlockType="Clock" Name="Clock" SID="7">
    <P Name="Position">[825, 195, 845, 215]</P>
    <P Name="ZOrder">494</P>
  </Block>
  <Block BlockType="Clock" Name="Clock1" SID="39">
    <P Name="Position">[215, 140, 235, 160]</P>
    <P Name="ZOrder">526</P>
  </Block>
  <Block BlockType="Clock" Name="Clock3" SID="24">
    <P Name="Position">[500, 195, 520, 215]</P>
    <P Name="ZOrder">511</P>
  </Block>
  <Block BlockType="Integrator" Name="Integrator" SID="1">
    <P Name="Ports">[1, 1]</P>
    <P Name="Position">[700, 165, 730, 195]</P>
    <P Name="ZOrder">1</P>
    <P Name="InitialCondition">[0 0 0]</P>
  </Block>
  <Block BlockType="Integrator" Name="Integrator1" SID="2">
    <P Name="Ports">[1, 1]</P>
    <P Name="Position">[775, 165, 805, 195]</P>
    <P Name="ZOrder">2</P>
    <P Name="InitialCondition">[0 20  0]</P>
  </Block>
  <Block BlockType="SubSystem" Name="MATLAB Function" SID="3">
    <P Name="Ports">[7, 4]</P>
    <P Name="Position">[560, 93, 655, 267]</P>
    <P Name="ZOrder">3</P>
    <P Name="ErrorFcn">Stateflow.Translate.translate</P>
    <P Name="PermitHierarchicalResolution">ExplicitOnly</P>
    <P Name="TreatAsAtomicUnit">on</P>
    <P Name="SystemSampleTime">0.01</P>
    <P Name="RequestExecContextInheritance">off</P>
    <P Name="SFBlockType">MATLAB Function</P>
    <P Name="ContentPreviewEnabled">on</P>
    <System Ref="system_3"/>
  </Block>
  <Block BlockType="SubSystem" Name="MATLAB Function1" SID="38">
    <P Name="Ports">[3, 2]</P>
    <P Name="Position">[305, 88, 370, 162]</P>
    <P Name="ZOrder">525</P>
    <P Name="ErrorFcn">Stateflow.Translate.translate</P>
    <P Name="PermitHierarchicalResolution">ExplicitOnly</P>
    <P Name="TreatAsAtomicUnit">on</P>
    <P Name="RequestExecContextInheritance">off</P>
    <P Name="SFBlockType">MATLAB Function</P>
    <P Name="ContentPreviewEnabled">on</P>
    <System Ref="system_38"/>
  </Block>
  <Block BlockType="SubSystem" Name="Plot Trajectory1" SID="4">
    <P Name="Ports">[5]</P>
    <P Name="Position">[865, 87, 945, 223]</P>
    <P Name="ZOrder">491</P>
    <P Name="BackgroundColor">[1.000000, 0.482353, 0.482353]</P>
    <P Name="ShowName">off</P>
    <P Name="ErrorFcn">Stateflow.Translate.translate</P>
    <P Name="PermitHierarchicalResolution">ExplicitOnly</P>
    <P Name="TreatAsAtomicUnit">on</P>
    <P Name="SystemSampleTime">0.1</P>
    <P Name="RequestExecContextInheritance">off</P>
    <P Name="SFBlockType">MATLAB Function</P>
    <System Ref="system_4"/>
  </Block>
  <Block BlockType="Scope" Name="Scope" SID="8">
    <P Name="Ports">[1]</P>
    <P Name="Position">[835, 344, 865, 376]</P>
    <P Name="ZOrder">495</P>
    <P Name="ScopeSpecificationString">Simulink.scopes.TimeScopeBlockCfg(&apos;CurrentConfiguration&apos;, extmgr.ConfigurationSet(extmgr.Configuration(&apos;Core&apos;,&apos;General UI&apos;,true),extmgr.Configuration(&apos;Core&apos;,&apos;Source UI&apos;,true),extmgr.Configuration(&apos;Sources&apos;,&apos;WiredSimulink&apos;,true),extmgr.Configuration(&apos;Visuals&apos;,&apos;Time Domain&apos;,true,&apos;SerializedDisplays&apos;,{struct(&apos;MinYLimReal&apos;,&apos;-2.5&apos;,&apos;MaxYLimReal&apos;,&apos;22.5&apos;,&apos;YLabelReal&apos;,&apos;&apos;,&apos;MinYLimMag&apos;,&apos;0.00000&apos;,&apos;MaxYLimMag&apos;,&apos;22.5&apos;,&apos;LegendVisibility&apos;,&apos;off&apos;,&apos;XGrid&apos;,true,&apos;YGrid&apos;,true,&apos;PlotMagPhase&apos;,false,&apos;AxesColor&apos;,[0 0 0],&apos;AxesTickColor&apos;,[0.686274509803922 0.686274509803922 0.686274509803922],&apos;ColorOrder&apos;,[1 1 0.0666666666666667;0.0745098039215686 0.623529411764706 1;1 0.411764705882353 0.16078431372549;0.392156862745098 0.831372549019608 0.0745098039215686;0.717647058823529 0.274509803921569 1;0.0588235294117647 1 1;1 0.0745098039215686 0.650980392156863],&apos;Title&apos;,&apos;%&lt;SignalLabel&gt;&apos;,&apos;LinePropertiesCache&apos;,{{}},&apos;UserDefinedChannelNames&apos;,{{}},&apos;NumLines&apos;,3,&apos;LineNames&apos;,{{&apos;Integrator1:1&apos;,&apos;Integrator1:2&apos;,&apos;Integrator1:3&apos;}},&apos;ShowContent&apos;,true,&apos;Placement&apos;,1)},&apos;DisplayPropertyDefaults&apos;,struct(&apos;MinYLimReal&apos;,&apos;-2.5&apos;,&apos;MaxYLimReal&apos;,&apos;22.5&apos;,&apos;YLabelReal&apos;,&apos;&apos;,&apos;MinYLimMag&apos;,&apos;0.00000&apos;,&apos;MaxYLimMag&apos;,&apos;22.5&apos;,&apos;LegendVisibility&apos;,&apos;off&apos;,&apos;XGrid&apos;,true,&apos;YGrid&apos;,true,&apos;PlotMagPhase&apos;,false,&apos;AxesColor&apos;,[0 0 0],&apos;AxesTickColor&apos;,[0.686274509803922 0.686274509803922 0.686274509803922],&apos;ColorOrder&apos;,[0.0745098039215686 0.623529411764706 1;1 0.411764705882353 0.16078431372549;1 1 0.0666666666666667;0.717647058823529 0.274509803921569 1;0.392156862745098 0.831372549019608 0.0745098039215686;0.0588235294117647 1 1;1 0.0745098039215686 0.650980392156863])),extmgr.Configuration(&apos;Tools&apos;,&apos;Plot Navigation&apos;,true,&apos;OnceAtStop&apos;,false,&apos;PreviousAutoscale&apos;,&apos;XY&apos;),extmgr.Configuration(&apos;Tools&apos;,&apos;Measurements&apos;,true,&apos;Version&apos;,&apos;2020b&apos;)),&apos;Version&apos;,&apos;2020b&apos;,&apos;Position&apos;,[856 247 458 420],&apos;VisibleAtModelOpen&apos;,&apos;on&apos;)</P>
    <P Name="NumInputPorts">1</P>
    <P Name="Floating">off</P>
  </Block>
  <Block BlockType="Scope" Name="Scope1" SID="9">
    <P Name="Ports">[1]</P>
    <P Name="Position">[775, 344, 805, 376]</P>
    <P Name="ZOrder">496</P>
    <P Name="ScopeSpecificationString">Simulink.scopes.TimeScopeBlockCfg(&apos;CurrentConfiguration&apos;, extmgr.ConfigurationSet(extmgr.Configuration(&apos;Core&apos;,&apos;General UI&apos;,true),extmgr.Configuration(&apos;Core&apos;,&apos;Source UI&apos;,true),extmgr.Configuration(&apos;Sources&apos;,&apos;WiredSimulink&apos;,true,&apos;DataLoggingVariableName&apos;,&apos;ScopeData1&apos;),extmgr.Configuration(&apos;Visuals&apos;,&apos;Time Domain&apos;,true,&apos;SerializedDisplays&apos;,{struct(&apos;MinYLimReal&apos;,&apos;-105.79032&apos;,&apos;MaxYLimReal&apos;,&apos;129.41122&apos;,&apos;YLabelReal&apos;,&apos;&apos;,&apos;MinYLimMag&apos;,&apos; 0.00000&apos;,&apos;MaxYLimMag&apos;,&apos;129.41122&apos;,&apos;LegendVisibility&apos;,&apos;off&apos;,&apos;XGrid&apos;,true,&apos;YGrid&apos;,true,&apos;PlotMagPhase&apos;,false,&apos;AxesColor&apos;,[0 0 0],&apos;AxesTickColor&apos;,[0.686274509803922 0.686274509803922 0.686274509803922],&apos;ColorOrder&apos;,[1 1 0.0666666666666667;0.0745098039215686 0.623529411764706 1;1 0.411764705882353 0.16078431372549;0.392156862745098 0.831372549019608 0.0745098039215686;0.717647058823529 0.274509803921569 1;0.0588235294117647 1 1;1 0.0745098039215686 0.650980392156863],&apos;Title&apos;,&apos;%&lt;SignalLabel&gt;&apos;,&apos;LinePropertiesCache&apos;,{{}},&apos;UserDefinedChannelNames&apos;,{{}},&apos;NumLines&apos;,3,&apos;LineNames&apos;,{{&apos;Integrator:1&apos;,&apos;Integrator:2&apos;,&apos;Integrator:3&apos;}},&apos;ShowContent&apos;,true,&apos;Placement&apos;,1)},&apos;DisplayPropertyDefaults&apos;,struct(&apos;MinYLimReal&apos;,&apos;-105.79032&apos;,&apos;MaxYLimReal&apos;,&apos;129.41122&apos;,&apos;YLabelReal&apos;,&apos;&apos;,&apos;MinYLimMag&apos;,&apos; 0.00000&apos;,&apos;MaxYLimMag&apos;,&apos;129.41122&apos;,&apos;LegendVisibility&apos;,&apos;off&apos;,&apos;XGrid&apos;,true,&apos;YGrid&apos;,true,&apos;PlotMagPhase&apos;,false,&apos;AxesColor&apos;,[0 0 0],&apos;AxesTickColor&apos;,[0.686274509803922 0.686274509803922 0.686274509803922],&apos;ColorOrder&apos;,[0.0745098039215686 0.623529411764706 1;1 0.411764705882353 0.16078431372549;1 1 0.0666666666666667;0.717647058823529 0.274509803921569 1;0.392156862745098 0.831372549019608 0.0745098039215686;0.0588235294117647 1 1;1 0.0745098039215686 0.650980392156863])),extmgr.Configuration(&apos;Tools&apos;,&apos;Plot Navigation&apos;,true,&apos;OnceAtStop&apos;,false,&apos;PreviousAutoscale&apos;,&apos;XY&apos;),extmgr.Configuration(&apos;Tools&apos;,&apos;Measurements&apos;,true,&apos;Version&apos;,&apos;2020b&apos;)),&apos;Version&apos;,&apos;2020b&apos;,&apos;Position&apos;,[20 376 334 420],&apos;VisibleAtModelOpen&apos;,&apos;on&apos;)</P>
    <P Name="NumInputPorts">1</P>
    <P Name="Floating">off</P>
  </Block>
  <Block BlockType="Scope" Name="Scope2" SID="43">
    <P Name="Ports">[1]</P>
    <P Name="Position">[700, 339, 730, 371]</P>
    <P Name="ZOrder">530</P>
    <P Name="ScopeSpecificationString">Simulink.scopes.TimeScopeBlockCfg(&apos;CurrentConfiguration&apos;, extmgr.ConfigurationSet(extmgr.Configuration(&apos;Core&apos;,&apos;General UI&apos;,true),extmgr.Configuration(&apos;Core&apos;,&apos;Source UI&apos;,true),extmgr.Configuration(&apos;Sources&apos;,&apos;WiredSimulink&apos;,true,&apos;DataLoggingVariableName&apos;,&apos;ScopeData1&apos;),extmgr.Configuration(&apos;Visuals&apos;,&apos;Time Domain&apos;,true,&apos;SerializedDisplays&apos;,{struct(&apos;MinYLimReal&apos;,&apos;7745.36349&apos;,&apos;MaxYLimReal&apos;,&apos;49139.40406&apos;,&apos;YLabelReal&apos;,&apos;&apos;,&apos;MinYLimMag&apos;,&apos;7745.36349&apos;,&apos;MaxYLimMag&apos;,&apos;49139.40406&apos;,&apos;LegendVisibility&apos;,&apos;off&apos;,&apos;XGrid&apos;,true,&apos;YGrid&apos;,true,&apos;PlotMagPhase&apos;,false,&apos;AxesColor&apos;,[0 0 0],&apos;AxesTickColor&apos;,[0.686274509803922 0.686274509803922 0.686274509803922],&apos;ColorOrder&apos;,[1 1 0.0666666666666667;0.0745098039215686 0.623529411764706 1;1 0.411764705882353 0.16078431372549;0.392156862745098 0.831372549019608 0.0745098039215686;0.717647058823529 0.274509803921569 1;0.0588235294117647 1 1;1 0.0745098039215686 0.650980392156863],&apos;Title&apos;,&apos;%&lt;SignalLabel&gt;&apos;,&apos;LinePropertiesCache&apos;,{{}},&apos;UserDefinedChannelNames&apos;,{{}},&apos;NumLines&apos;,1,&apos;LineNames&apos;,{{&apos;MATLAB Function/mass&apos;}},&apos;ShowContent&apos;,true,&apos;Placement&apos;,1)},&apos;DisplayPropertyDefaults&apos;,struct(&apos;MinYLimReal&apos;,&apos;7745.36349&apos;,&apos;MaxYLimReal&apos;,&apos;49139.40406&apos;,&apos;YLabelReal&apos;,&apos;&apos;,&apos;MinYLimMag&apos;,&apos;7745.36349&apos;,&apos;MaxYLimMag&apos;,&apos;49139.40406&apos;,&apos;LegendVisibility&apos;,&apos;off&apos;,&apos;XGrid&apos;,true,&apos;YGrid&apos;,true,&apos;PlotMagPhase&apos;,false,&apos;AxesColor&apos;,[0 0 0],&apos;AxesTickColor&apos;,[0.686274509803922 0.686274509803922 0.686274509803922],&apos;ColorOrder&apos;,[0.0745098039215686 0.623529411764706 1;1 0.411764705882353 0.16078431372549;1 1 0.0666666666666667;0.717647058823529 0.274509803921569 1;0.392156862745098 0.831372549019608 0.0745098039215686;0.0588235294117647 1 1;1 0.0745098039215686 0.650980392156863])),extmgr.Configuration(&apos;Tools&apos;,&apos;Plot Navigation&apos;,true,&apos;OnceAtStop&apos;,false,&apos;PreviousAutoscale&apos;,&apos;XY&apos;),extmgr.Configuration(&apos;Tools&apos;,&apos;Measurements&apos;,true,&apos;Version&apos;,&apos;2020b&apos;)),&apos;Version&apos;,&apos;2020b&apos;,&apos;Position&apos;,[124.333333333333 128.333333333333 334 420],&apos;VisibleAtModelOpen&apos;,&apos;on&apos;)</P>
    <P Name="NumInputPorts">1</P>
    <P Name="Floating">off</P>
  </Block>
  <Block BlockType="Scope" Name="Scope3" SID="36">
    <P Name="Ports">[1]</P>
    <P Name="Position">[500, 164, 530, 196]</P>
    <P Name="ZOrder">523</P>
    <P Name="ScopeSpecificationString">Simulink.scopes.TimeScopeBlockCfg(&apos;CurrentConfiguration&apos;, extmgr.ConfigurationSet(extmgr.Configuration(&apos;Core&apos;,&apos;General UI&apos;,true),extmgr.Configuration(&apos;Core&apos;,&apos;Source UI&apos;,true),extmgr.Configuration(&apos;Sources&apos;,&apos;WiredSimulink&apos;,true,&apos;DataLoggingVariableName&apos;,&apos;ScopeData2&apos;),extmgr.Configuration(&apos;Visuals&apos;,&apos;Time Domain&apos;,true,&apos;SerializedDisplays&apos;,{struct(&apos;MinYLimReal&apos;,&apos;-0.00036&apos;,&apos;MaxYLimReal&apos;,&apos;0.0032&apos;,&apos;YLabelReal&apos;,&apos;&apos;,&apos;MinYLimMag&apos;,&apos;0.00000&apos;,&apos;MaxYLimMag&apos;,&apos;0.0032&apos;,&apos;LegendVisibility&apos;,&apos;off&apos;,&apos;XGrid&apos;,true,&apos;YGrid&apos;,true,&apos;PlotMagPhase&apos;,false,&apos;AxesColor&apos;,[0 0 0],&apos;AxesTickColor&apos;,[0.686274509803922 0.686274509803922 0.686274509803922],&apos;ColorOrder&apos;,[1 1 0.0666666666666667;0.0745098039215686 0.623529411764706 1;1 0.411764705882353 0.16078431372549;0.392156862745098 0.831372549019608 0.0745098039215686;0.717647058823529 0.274509803921569 1;0.0588235294117647 1 1;1 0.0745098039215686 0.650980392156863],&apos;Title&apos;,&apos;%&lt;SignalLabel&gt;&apos;,&apos;LinePropertiesCache&apos;,{{}},&apos;UserDefinedChannelNames&apos;,{{}},&apos;NumLines&apos;,1,&apos;LineNames&apos;,{{&apos;Transfer Fcn&apos;}},&apos;ShowContent&apos;,true,&apos;Placement&apos;,1)},&apos;DisplayPropertyDefaults&apos;,struct(&apos;MinYLimReal&apos;,&apos;-0.00036&apos;,&apos;MaxYLimReal&apos;,&apos;0.0032&apos;,&apos;YLabelReal&apos;,&apos;&apos;,&apos;MinYLimMag&apos;,&apos;0.00000&apos;,&apos;MaxYLimMag&apos;,&apos;0.0032&apos;,&apos;LegendVisibility&apos;,&apos;off&apos;,&apos;XGrid&apos;,true,&apos;YGrid&apos;,true,&apos;PlotMagPhase&apos;,false,&apos;AxesColor&apos;,[0 0 0],&apos;AxesTickColor&apos;,[0.686274509803922 0.686274509803922 0.686274509803922],&apos;ColorOrder&apos;,[0.0745098039215686 0.623529411764706 1;1 0.411764705882353 0.16078431372549;1 1 0.0666666666666667;0.717647058823529 0.274509803921569 1;0.392156862745098 0.831372549019608 0.0745098039215686;0.0588235294117647 1 1;1 0.0745098039215686 0.650980392156863])),extmgr.Configuration(&apos;Tools&apos;,&apos;Plot Navigation&apos;,true,&apos;OnceAtStop&apos;,false,&apos;PreviousAutoscale&apos;,&apos;XY&apos;),extmgr.Configuration(&apos;Tools&apos;,&apos;Measurements&apos;,true,&apos;Version&apos;,&apos;2020b&apos;)),&apos;Version&apos;,&apos;2020b&apos;,&apos;Position&apos;,[1268 942 334 420])</P>
    <P Name="NumInputPorts">1</P>
    <P Name="Floating">off</P>
  </Block>
  <Block BlockType="Scope" Name="Scope4" SID="44">
    <P Name="Ports">[1]</P>
    <P Name="Position">[560, 349, 590, 381]</P>
    <P Name="ZOrder">531</P>
    <P Name="ScopeSpecificationString">Simulink.scopes.TimeScopeBlockCfg(&apos;CurrentConfiguration&apos;, extmgr.ConfigurationSet(extmgr.Configuration(&apos;Core&apos;,&apos;General UI&apos;,true),extmgr.Configuration(&apos;Core&apos;,&apos;Source UI&apos;,true),extmgr.Configuration(&apos;Sources&apos;,&apos;WiredSimulink&apos;,true,&apos;DataLoggingVariableName&apos;,&apos;ScopeData1&apos;),extmgr.Configuration(&apos;Visuals&apos;,&apos;Time Domain&apos;,true,&apos;SerializedDisplays&apos;,{struct(&apos;MinYLimReal&apos;,&apos;7745.36349&apos;,&apos;MaxYLimReal&apos;,&apos;49139.40406&apos;,&apos;YLabelReal&apos;,&apos;&apos;,&apos;MinYLimMag&apos;,&apos;7745.36349&apos;,&apos;MaxYLimMag&apos;,&apos;49139.40406&apos;,&apos;LegendVisibility&apos;,&apos;off&apos;,&apos;XGrid&apos;,true,&apos;YGrid&apos;,true,&apos;PlotMagPhase&apos;,false,&apos;AxesColor&apos;,[0 0 0],&apos;AxesTickColor&apos;,[0.686274509803922 0.686274509803922 0.686274509803922],&apos;ColorOrder&apos;,[1 1 0.0666666666666667;0.0745098039215686 0.623529411764706 1;1 0.411764705882353 0.16078431372549;0.392156862745098 0.831372549019608 0.0745098039215686;0.717647058823529 0.274509803921569 1;0.0588235294117647 1 1;1 0.0745098039215686 0.650980392156863],&apos;Title&apos;,&apos;%&lt;SignalLabel&gt;&apos;,&apos;LinePropertiesCache&apos;,{{}},&apos;UserDefinedChannelNames&apos;,{{}},&apos;NumLines&apos;,0,&apos;LineNames&apos;,{{[]}},&apos;ShowContent&apos;,true,&apos;Placement&apos;,1)},&apos;DisplayPropertyDefaults&apos;,struct(&apos;MinYLimReal&apos;,&apos;7745.36349&apos;,&apos;MaxYLimReal&apos;,&apos;49139.40406&apos;,&apos;YLabelReal&apos;,&apos;&apos;,&apos;MinYLimMag&apos;,&apos;7745.36349&apos;,&apos;MaxYLimMag&apos;,&apos;49139.40406&apos;,&apos;LegendVisibility&apos;,&apos;off&apos;,&apos;XGrid&apos;,true,&apos;YGrid&apos;,true,&apos;PlotMagPhase&apos;,false,&apos;AxesColor&apos;,[0 0 0],&apos;AxesTickColor&apos;,[0.686274509803922 0.686274509803922 0.686274509803922],&apos;ColorOrder&apos;,[0.0745098039215686 0.623529411764706 1;1 0.411764705882353 0.16078431372549;1 1 0.0666666666666667;0.717647058823529 0.274509803921569 1;0.392156862745098 0.831372549019608 0.0745098039215686;0.0588235294117647 1 1;1 0.0745098039215686 0.650980392156863])),extmgr.Configuration(&apos;Tools&apos;,&apos;Plot Navigation&apos;,true,&apos;OnceAtStop&apos;,false,&apos;PreviousAutoscale&apos;,&apos;XY&apos;),extmgr.Configuration(&apos;Tools&apos;,&apos;Measurements&apos;,true,&apos;Version&apos;,&apos;2020b&apos;)),&apos;Version&apos;,&apos;2020b&apos;,&apos;Position&apos;,[487.666666666667 129.666666666667 334 420],&apos;VisibleAtModelOpen&apos;,&apos;on&apos;)</P>
    <P Name="NumInputPorts">1</P>
    <P Name="Floating">off</P>
  </Block>
  <Block BlockType="Stop" Name="Stop Simulation" SID="23">
    <P Name="Position">[685, 187, 720, 223]</P>
    <P Name="ZOrder">510</P>
  </Block>
  <Block BlockType="TransferFcn" Name="Transfer Fcn" SID="27">
    <P Name="Position">[410, 129, 470, 161]</P>
    <P Name="ZOrder">514</P>
    <P Name="Denominator">[1 1]</P>
  </Block>
  <Block BlockType="TransferFcn" Name="Transfer Fcn1" SID="30">
    <P Name="Position">[410, 94, 470, 126]</P>
    <P Name="ZOrder">517</P>
    <P Name="Denominator">[1 1]</P>
  </Block>
  <Line>
    <P Name="ZOrder">1</P>
    <P Name="Src">1#out:1</P>
    <P Name="Points">[15, 0]</P>
    <Branch>
      <P Name="ZOrder">152</P>
      <P Name="Points">[0, 112]</P>
      <Branch>
        <P Name="ZOrder">41</P>
        <P Name="Points">[-206, 0]</P>
        <Branch>
          <P Name="ZOrder">191</P>
          <P Name="Points">[-287, 0; 0, -167]</P>
          <P Name="Dst">38#in:2</P>
        </Branch>
        <Branch>
          <P Name="ZOrder">190</P>
          <P Name="Points">[0, -112]</P>
          <P Name="Dst">3#in:4</P>
        </Branch>
      </Branch>
      <Branch>
        <P Name="ZOrder">23</P>
        <P Name="Points">[0, 68]</P>
        <P Name="Dst">9#in:1</P>
      </Branch>
    </Branch>
    <Branch>
      <P Name="ZOrder">15</P>
      <P Name="Dst">2#in:1</P>
    </Branch>
  </Line>
  <Line>
    <P Name="ZOrder">2</P>
    <P Name="Src">3#out:2</P>
    <P Name="Points">[18, 0; 0, 20]</P>
    <P Name="Dst">1#in:1</P>
  </Line>
  <Line>
    <P Name="ZOrder">17</P>
    <P Name="Src">3#out:1</P>
    <P Name="Points">[74, 0; 0, 40]</P>
    <P Name="Dst">4#in:3</P>
  </Line>
  <Line>
    <P Name="ZOrder">18</P>
    <P Name="Src">7#out:1</P>
    <P Name="Dst">4#in:5</P>
  </Line>
  <Line>
    <P Name="ZOrder">4</P>
    <P Name="Src">2#out:1</P>
    <P Name="Points">[10, 0]</P>
    <Branch>
      <P Name="ZOrder">151</P>
      <P Name="Points">[0, 105]</P>
      <Branch>
        <P Name="ZOrder">167</P>
        <P Name="Dst">8#in:1</P>
      </Branch>
      <Branch>
        <P Name="ZOrder">32</P>
        <P Name="Points">[-284, 0]</P>
        <Branch>
          <P Name="ZOrder">189</P>
          <P Name="Points">[-255, 0; 0, -185]</P>
          <P Name="Dst">38#in:1</P>
        </Branch>
        <Branch>
          <P Name="ZOrder">188</P>
          <P Name="Points">[0, -130]</P>
          <P Name="Dst">3#in:3</P>
        </Branch>
      </Branch>
    </Branch>
    <Branch>
      <P Name="ZOrder">39</P>
      <P Name="Dst">4#in:4</P>
    </Branch>
  </Line>
  <Line>
    <P Name="ZOrder">82</P>
    <P Name="Src">3#out:3</P>
    <P Name="Dst">23#in:1</P>
  </Line>
  <Line>
    <P Name="ZOrder">84</P>
    <P Name="Src">24#out:1</P>
    <P Name="Dst">3#in:5</P>
  </Line>
  <Line>
    <P Name="ZOrder">114</P>
    <P Name="Src">27#out:1</P>
    <P Name="Points">[11, 0]</P>
    <Branch>
      <P Name="ZOrder">182</P>
      <P Name="Points">[0, 35]</P>
      <P Name="Dst">36#in:1</P>
    </Branch>
    <Branch>
      <P Name="ZOrder">181</P>
      <P Name="Points">[14, 0; 0, -10]</P>
      <Branch>
        <P Name="ZOrder">159</P>
        <P Name="Points">[0, -61; 313, 0; 0, 56]</P>
        <P Name="Dst">4#in:2</P>
      </Branch>
      <Branch>
        <P Name="ZOrder">115</P>
        <P Name="Points">[45, 0]</P>
        <P Name="Dst">3#in:2</P>
      </Branch>
    </Branch>
  </Line>
  <Line>
    <P Name="ZOrder">156</P>
    <P Name="Src">30#out:1</P>
    <P Name="Points">[46, 0; 0, -5]</P>
    <Branch>
      <P Name="ZOrder">171</P>
      <P Name="Points">[0, -21; 187, 0; 0, 21]</P>
      <P Name="Dst">4#in:1</P>
    </Branch>
    <Branch>
      <P Name="ZOrder">170</P>
      <P Name="Points">[24, 0]</P>
      <Branch>
        <P Name="ZOrder">222</P>
        <P Name="Points">[0, 3; -67, 0; 0, 257]</P>
        <P Name="Dst">44#in:1</P>
      </Branch>
      <Branch>
        <P Name="ZOrder">221</P>
        <P Name="Dst">3#in:1</P>
      </Branch>
    </Branch>
  </Line>
  <Line>
    <P Name="ZOrder">186</P>
    <P Name="Src">38#out:1</P>
    <P Name="Dst">30#in:1</P>
  </Line>
  <Line>
    <P Name="ZOrder">187</P>
    <P Name="Src">38#out:2</P>
    <P Name="Dst">27#in:1</P>
  </Line>
  <Line>
    <P Name="ZOrder">192</P>
    <P Name="Src">39#out:1</P>
    <P Name="Dst">38#in:3</P>
  </Line>
  <Line>
    <P Name="ZOrder">197</P>
    <P Name="Src">42#out:1</P>
    <P Name="Dst">3#in:6</P>
  </Line>
  <Line>
    <P Name="ZOrder">196</P>
    <P Name="Src">41#out:1</P>
    <P Name="Dst">3#in:7</P>
  </Line>
  <Line>
    <P Name="ZOrder">220</P>
    <P Name="Src">3#out:4</P>
    <P Name="Points">[18, 0; 0, 105]</P>
    <P Name="Dst">43#in:1</P>
  </Line>
</System>
