<?xml version="1.0" encoding="utf-8"?>
<System>
  <P Name="Location">[227, 345, 838, 789]</P>
  <P Name="SystemRect">[0.000000, 0.000000, 0.000000, 0.000000]</P>
  <P Name="SetExecutionDomain">off</P>
  <P Name="ExecutionDomainType">Deduce</P>
  <P Name="SIDHighWatermark">25</P>
  <P Name="SimulinkSubDomain">Simulink</P>
  <Block BlockType="Inport" Name="f" SID="4::2">
    <P Name="Position">[20, 101, 40, 119]</P>
    <P Name="ZOrder">-2</P>
  </Block>
  <Block BlockType="Inport" Name="phi" SID="4::3">
    <P Name="Position">[20, 136, 40, 154]</P>
    <P Name="ZOrder">-3</P>
    <P Name="Port">2</P>
  </Block>
  <Block BlockType="Inport" Name="Geom" SID="4::24">
    <P Name="Position">[20, 171, 40, 189]</P>
    <P Name="ZOrder">15</P>
    <P Name="Port">3</P>
  </Block>
  <Block BlockType="Inport" Name="x" SID="4::1">
    <P Name="Position">[20, 206, 40, 224]</P>
    <P Name="ZOrder">-1</P>
    <P Name="Port">4</P>
  </Block>
  <Block BlockType="Inport" Name="clock" SID="4::25">
    <P Name="Position">[20, 246, 40, 264]</P>
    <P Name="ZOrder">16</P>
    <P Name="Port">5</P>
  </Block>
  <Block BlockType="Demux" Name=" Demux " SID="4::20">
    <P Name="Ports">[1, 1]</P>
    <P Name="Position">[270, 100, 320, 140]</P>
    <P Name="ZOrder">11</P>
    <P Name="Outputs">1</P>
  </Block>
  <Block BlockType="S-Function" Name=" SFunction " SID="4::19">
    <P Name="Tag">Stateflow S-Function 1</P>
    <P Name="Ports">[5, 1]</P>
    <P Name="Position">[180, 115, 230, 235]</P>
    <P Name="ZOrder">10</P>
    <P Name="FunctionName">sf_sfun</P>
    <P Name="PortCounts">[5 1]</P>
    <P Name="SFunctionDeploymentMode">off</P>
    <P Name="EnableBusSupport">on</P>
    <P Name="SFcnIsStateOwnerBlock">off</P>
  </Block>
  <Block BlockType="Terminator" Name=" Terminator " SID="4::21">
    <P Name="Position">[460, 111, 480, 129]</P>
    <P Name="ZOrder">12</P>
  </Block>
  <Line>
    <P Name="ZOrder">172</P>
    <P Name="Src">4::2#out:1</P>
    <P Name="Dst">4::19#in:1</P>
  </Line>
  <Line>
    <P Name="ZOrder">173</P>
    <P Name="Src">4::3#out:1</P>
    <P Name="Points">[61, 0; 0, 5]</P>
    <P Name="Dst">4::19#in:2</P>
  </Line>
  <Line>
    <P Name="ZOrder">174</P>
    <P Name="Src">4::24#out:1</P>
    <P Name="Points">[37, 0; 0, -5]</P>
    <P Name="Dst">4::19#in:3</P>
  </Line>
  <Line>
    <P Name="ZOrder">175</P>
    <P Name="Src">4::1#out:1</P>
    <P Name="Points">[60, 0; 0, -15]</P>
    <P Name="Dst">4::19#in:4</P>
  </Line>
  <Line>
    <P Name="ZOrder">176</P>
    <P Name="Src">4::25#out:1</P>
    <P Name="Points">[87, 0; 0, -30]</P>
    <P Name="Dst">4::19#in:5</P>
  </Line>
  <Line>
    <P Name="ZOrder">177</P>
    <P Name="Src">4::20#out:1</P>
    <P Name="Dst">4::21#in:1</P>
  </Line>
  <Line>
    <P Name="ZOrder">178</P>
    <P Name="Src">4::19#out:1</P>
    <P Name="Points">[15, 0; 0, -55]</P>
    <P Name="Dst">4::20#in:1</P>
  </Line>
</System>
