<?xml version="1.0" encoding="utf-8"?>
<System>
  <P Name="Location">[223, 338, 826, 833]</P>
  <P Name="SystemRect">[0.000000, 0.000000, 0.000000, 0.000000]</P>
  <P Name="SetExecutionDomain">off</P>
  <P Name="ExecutionDomainType">Deduce</P>
  <P Name="SIDHighWatermark">31</P>
  <P Name="SimulinkSubDomain">Simulink</P>
  <Block BlockType="Inport" Name="f" SID="3::1">
    <P Name="Position">[20, 101, 40, 119]</P>
    <P Name="ZOrder">-1</P>
  </Block>
  <Block BlockType="Inport" Name="phi" SID="3::22">
    <P Name="Position">[20, 136, 40, 154]</P>
    <P Name="ZOrder">13</P>
    <P Name="Port">2</P>
  </Block>
  <Block BlockType="Inport" Name="x" SID="3::23">
    <P Name="Position">[20, 171, 40, 189]</P>
    <P Name="ZOrder">14</P>
    <P Name="Port">3</P>
  </Block>
  <Block BlockType="Inport" Name="xdot" SID="3::24">
    <P Name="Position">[20, 206, 40, 224]</P>
    <P Name="ZOrder">15</P>
    <P Name="Port">4</P>
  </Block>
  <Block BlockType="Inport" Name="t" SID="3::27">
    <P Name="Position">[20, 246, 40, 264]</P>
    <P Name="ZOrder">18</P>
    <P Name="Port">5</P>
  </Block>
  <Block BlockType="Inport" Name="wind" SID="3::29">
    <P Name="Position">[20, 281, 40, 299]</P>
    <P Name="ZOrder">20</P>
    <P Name="Port">6</P>
  </Block>
  <Block BlockType="Inport" Name="disturbo" SID="3::30">
    <P Name="Position">[20, 316, 40, 334]</P>
    <P Name="ZOrder">21</P>
    <P Name="Port">7</P>
  </Block>
  <Block BlockType="Demux" Name=" Demux " SID="3::20">
    <P Name="Ports">[1, 1]</P>
    <P Name="Position">[270, 280, 320, 320]</P>
    <P Name="ZOrder">11</P>
    <P Name="Outputs">1</P>
  </Block>
  <Block BlockType="S-Function" Name=" SFunction " SID="3::19">
    <P Name="Tag">Stateflow S-Function 2</P>
    <P Name="Ports">[7, 5]</P>
    <P Name="Position">[180, 115, 230, 275]</P>
    <P Name="ZOrder">10</P>
    <P Name="FunctionName">sf_sfun</P>
    <P Name="PortCounts">[7 5]</P>
    <P Name="SFunctionDeploymentMode">off</P>
    <P Name="EnableBusSupport">on</P>
    <P Name="SFcnIsStateOwnerBlock">off</P>
    <Port>
      <P Name="PortNumber">2</P>
      <P Name="Name">Geom</P>
    </Port>
    <Port>
      <P Name="PortNumber">3</P>
      <P Name="Name">acc</P>
    </Port>
    <Port>
      <P Name="PortNumber">4</P>
      <P Name="Name">stop</P>
    </Port>
    <Port>
      <P Name="PortNumber">5</P>
      <P Name="Name">mass</P>
    </Port>
  </Block>
  <Block BlockType="Terminator" Name=" Terminator " SID="3::21">
    <P Name="Position">[460, 291, 480, 309]</P>
    <P Name="ZOrder">12</P>
  </Block>
  <Block BlockType="Outport" Name="Geom" SID="3::25">
    <P Name="Position">[460, 101, 480, 119]</P>
    <P Name="ZOrder">16</P>
  </Block>
  <Block BlockType="Outport" Name="acc" SID="3::5">
    <P Name="Position">[460, 136, 480, 154]</P>
    <P Name="ZOrder">-5</P>
    <P Name="Port">2</P>
  </Block>
  <Block BlockType="Outport" Name="stop" SID="3::26">
    <P Name="Position">[460, 171, 480, 189]</P>
    <P Name="ZOrder">17</P>
    <P Name="Port">3</P>
  </Block>
  <Block BlockType="Outport" Name="mass" SID="3::31">
    <P Name="Position">[460, 206, 480, 224]</P>
    <P Name="ZOrder">22</P>
    <P Name="Port">4</P>
  </Block>
  <Line>
    <P Name="ZOrder">116</P>
    <P Name="Src">3::1#out:1</P>
    <P Name="Dst">3::19#in:1</P>
  </Line>
  <Line>
    <P Name="ZOrder">117</P>
    <P Name="Src">3::22#out:1</P>
    <P Name="Dst">3::19#in:2</P>
  </Line>
  <Line>
    <P Name="ZOrder">118</P>
    <P Name="Src">3::23#out:1</P>
    <P Name="Dst">3::19#in:3</P>
  </Line>
  <Line>
    <P Name="ZOrder">119</P>
    <P Name="Src">3::24#out:1</P>
    <P Name="Dst">3::19#in:4</P>
  </Line>
  <Line>
    <P Name="ZOrder">120</P>
    <P Name="Src">3::27#out:1</P>
    <P Name="Dst">3::19#in:5</P>
  </Line>
  <Line>
    <P Name="ZOrder">121</P>
    <P Name="Src">3::29#out:1</P>
    <P Name="Dst">3::19#in:6</P>
  </Line>
  <Line>
    <P Name="ZOrder">122</P>
    <P Name="Src">3::30#out:1</P>
    <P Name="Dst">3::19#in:7</P>
  </Line>
  <Line>
    <P Name="Name">Geom</P>
    <P Name="ZOrder">123</P>
    <P Name="Labels">[0, 0]</P>
    <P Name="Src">3::19#out:2</P>
    <P Name="Dst">3::25#in:1</P>
  </Line>
  <Line>
    <P Name="Name">acc</P>
    <P Name="ZOrder">124</P>
    <P Name="Labels">[0, 0]</P>
    <P Name="Src">3::19#out:3</P>
    <P Name="Dst">3::5#in:1</P>
  </Line>
  <Line>
    <P Name="Name">stop</P>
    <P Name="ZOrder">125</P>
    <P Name="Labels">[0, 0]</P>
    <P Name="Src">3::19#out:4</P>
    <P Name="Dst">3::26#in:1</P>
  </Line>
  <Line>
    <P Name="Name">mass</P>
    <P Name="ZOrder">126</P>
    <P Name="Labels">[0, 0]</P>
    <P Name="Src">3::19#out:5</P>
    <P Name="Points">[120, 0; 0, -40]</P>
    <P Name="Dst">3::31#in:1</P>
  </Line>
  <Line>
    <P Name="ZOrder">127</P>
    <P Name="Src">3::20#out:1</P>
    <P Name="Dst">3::21#in:1</P>
  </Line>
  <Line>
    <P Name="ZOrder">128</P>
    <P Name="Src">3::19#out:1</P>
    <P Name="Points">[16, 0; 0, 165]</P>
    <P Name="Dst">3::20#in:1</P>
  </Line>
</System>
