<?xml version="1.0" encoding="UTF-8"?>
<sltp_graph version="1.1" packageUris="http://schema.mathworks.com/mf0/sltp_mm/R2020b_202003251737">
  <sltp.mm.core.Context type="sltp.mm.core.Context" uuid="10d4f367-d5bb-490a-bde7-955053a32b93">
    <priorityDirection>HighNumberLast</priorityDirection>
    <editorState type="sltp.mm.core.EditorState" uuid="7c09ce62-97fa-4f90-81c8-381fea60607b">
      <isSynchronized>true</isSynchronized>
    </editorState>
    <rootTask type="sltp.mm.core.Task" uuid="ac26bcc7-65b7-4468-bbff-3cec54eee06c">
      <context type="sltp.mm.core.Context" uuid="10d4f367-d5bb-490a-bde7-955053a32b93"/>
      <explicit>false</explicit>
      <name>Default</name>
      <priority>-2147483648</priority>
      <subgraph type="sltp.mm.core.Graph" uuid="9ecd9ade-2be6-47ab-92bb-3706c3a5be2f">
        <tasks type="sltp.mm.core.Task" uuid="394ed045-6d4e-4c12-b276-accdf834e670">
          <baseTask>true</baseTask>
          <context type="sltp.mm.core.Context" uuid="10d4f367-d5bb-490a-bde7-955053a32b93"/>
          <explicit>false</explicit>
          <id>1</id>
          <isTimed>true</isTimed>
          <name>Cont</name>
          <priority>40</priority>
          <rates type="sltp.mm.core.Rate" uuid="1d92d2fa-9788-40cc-a90f-49ed80522b65">
            <annotation>Cont</annotation>
            <color>255</color>
            <hasBlocks>true</hasBlocks>
            <rateSpec type="sltp.mm.core.RateSpec">
              <period>0.0</period>
            </rateSpec>
            <sti>0</sti>
          </rates>
          <rates type="sltp.mm.core.Rate" uuid="bb22aafb-d058-49ae-95c4-9bf98d756cb2">
            <annotation>FiM</annotation>
            <color>-2139062017</color>
            <hasBlocks>true</hasBlocks>
            <rateSpec type="sltp.mm.core.RateSpec">
              <offset>1.0</offset>
              <period>0.0</period>
            </rateSpec>
            <sti>1</sti>
          </rates>
          <rates type="sltp.mm.core.Rate" uuid="92b523a7-9730-49e6-aed9-30ed6c05f6e6">
            <annotation>D1</annotation>
            <color>-436207361</color>
            <hasBlocks>true</hasBlocks>
            <rateSpec type="sltp.mm.core.RateSpec">
              <period>1.0</period>
            </rateSpec>
            <sti>2</sti>
          </rates>
        </tasks>
      </subgraph>
    </rootTask>
  </sltp.mm.core.Context>
</sltp_graph>