<?xml version="1.0" encoding="utf-8"?>
<System>
  <P Name="Location">[269, 42, 1074, 809]</P>
  <P Name="SystemRect">[0.000000, 0.000000, 0.000000, 0.000000]</P>
  <P Name="Open">on</P>
  <P Name="SetExecutionDomain">off</P>
  <P Name="ExecutionDomainType">Deduce</P>
  <P Name="ZoomFactor">116</P>
  <P Name="ReportName">simulink-default.rpt</P>
  <P Name="SIDHighWatermark">211</P>
  <P Name="SimulinkSubDomain">Simulink</P>
  <Block BlockType="SubSystem" Name="MATLAB Function" SID="207">
    <P Name="Ports">[1, 1]</P>
    <P Name="Position">[965, 312, 1060, 358]</P>
    <P Name="ZOrder">618</P>
    <P Name="ErrorFcn">Stateflow.Translate.translate</P>
    <P Name="PermitHierarchicalResolution">ExplicitOnly</P>
    <P Name="TreatAsAtomicUnit">on</P>
    <P Name="RequestExecContextInheritance">off</P>
    <P Name="SFBlockType">MATLAB Function</P>
    <P Name="ContentPreviewEnabled">on</P>
    <System Ref="system_207"/>
  </Block>
  <Block BlockType="Reference" Name="plot" SID="211">
    <P Name="Ports">[1]</P>
    <P Name="Position">[1125, 307, 1205, 363]</P>
    <P Name="ZOrder">619</P>
    <P Name="LibraryVersion">1.108</P>
    <P Name="SourceBlock">roblocks/Arm/plot</P>
    <P Name="SourceType"/>
    <InstanceData>
      <P Name="RTWMemSecFuncInitTerm">Inherit from model</P>
      <P Name="RTWMemSecFuncExecute">Inherit from model</P>
      <P Name="RTWMemSecDataConstants">Inherit from model</P>
      <P Name="RTWMemSecDataInternal">Inherit from model</P>
      <P Name="RTWMemSecDataParameters">Inherit from model</P>
      <P Name="ContentPreviewEnabled">off</P>
      <P Name="robot">p2</P>
      <P Name="fps">5</P>
      <P Name="holdplot">on</P>
    </InstanceData>
  </Block>
  <Block BlockType="SubSystem" Name="posizione desiderata" SID="188">
    <P Name="Ports">[0, 1]</P>
    <P Name="Position">[795, 305, 835, 365]</P>
    <P Name="ZOrder">614</P>
    <P Name="RequestExecContextInheritance">off</P>
    <P Name="ContentPreviewEnabled">on</P>
    <System Ref="system_188"/>
  </Block>
  <Line>
    <P Name="ZOrder">552</P>
    <P Name="Src">207#out:1</P>
    <P Name="Dst">211#in:1</P>
  </Line>
  <Line>
    <P Name="ZOrder">550</P>
    <P Name="Src">188#out:1</P>
    <P Name="Dst">207#in:1</P>
  </Line>
</System>
