<?xml version="1.0" encoding="utf-8"?>
<System>
  <P Name="Location">[269, 42, 1382, 865]</P>
  <P Name="SystemRect">[0.000000, 0.000000, 0.000000, 0.000000]</P>
  <P Name="Open">on</P>
  <P Name="SetExecutionDomain">off</P>
  <P Name="ExecutionDomainType">Deduce</P>
  <P Name="ZoomFactor">329</P>
  <P Name="SimulinkSubDomain">Simulink</P>
  <Block BlockType="Constant" Name="Constant" SID="189">
    <P Name="Position">[110, 99, 130, 121]</P>
    <P Name="ZOrder">-1</P>
    <P Name="ShowName">off</P>
    <P Name="Value">-1</P>
  </Block>
  <Block BlockType="Constant" Name="Constant1" SID="208">
    <P Name="Position">[110, 129, 130, 151]</P>
    <P Name="ZOrder">4</P>
    <P Name="ShowName">off</P>
  </Block>
  <Block BlockType="Mux" Name="Mux" SID="190">
    <P Name="Ports">[2, 1]</P>
    <P Name="Position">[205, 93, 210, 157]</P>
    <P Name="ZOrder">-15</P>
    <P Name="ShowName">off</P>
    <P Name="Inputs">2</P>
    <P Name="DisplayOption">bar</P>
    <Port>
      <P Name="PortNumber">1</P>
      <P Name="Name">pd</P>
    </Port>
  </Block>
  <Block BlockType="Reference" Name="Ramp" SID="191">
    <P Name="Ports">[0, 1]</P>
    <P Name="Position">[105, 40, 135, 70]</P>
    <P Name="ZOrder">3</P>
    <P Name="LibraryVersion">1.476</P>
    <P Name="SourceBlock">simulink/Sources/Ramp</P>
    <P Name="SourceType">Ramp</P>
    <P Name="SourceProductBaseCode">SL</P>
    <InstanceData>
      <P Name="RTWMemSecFuncInitTerm">Inherit from model</P>
      <P Name="RTWMemSecFuncExecute">Inherit from model</P>
      <P Name="RTWMemSecDataConstants">Inherit from model</P>
      <P Name="RTWMemSecDataInternal">Inherit from model</P>
      <P Name="RTWMemSecDataParameters">Inherit from model</P>
      <P Name="ContentPreviewEnabled">on</P>
      <P Name="slope">1/10</P>
      <P Name="start">10</P>
      <P Name="InitialOutput">0</P>
      <P Name="VectorParams1D">on</P>
    </InstanceData>
  </Block>
  <Block BlockType="Reference" Name="Ramp1" SID="210">
    <P Name="Ports">[0, 1]</P>
    <P Name="Position">[105, 165, 135, 195]</P>
    <P Name="ZOrder">6</P>
    <P Name="LibraryVersion">1.476</P>
    <P Name="SourceBlock">simulink/Sources/Ramp</P>
    <P Name="SourceType">Ramp</P>
    <P Name="SourceProductBaseCode">SL</P>
    <InstanceData>
      <P Name="RTWMemSecFuncInitTerm">Inherit from model</P>
      <P Name="RTWMemSecFuncExecute">Inherit from model</P>
      <P Name="RTWMemSecDataConstants">Inherit from model</P>
      <P Name="RTWMemSecDataInternal">Inherit from model</P>
      <P Name="RTWMemSecDataParameters">Inherit from model</P>
      <P Name="ContentPreviewEnabled">on</P>
      <P Name="slope">-0.5/10</P>
      <P Name="start">10</P>
      <P Name="InitialOutput">0</P>
      <P Name="VectorParams1D">on</P>
    </InstanceData>
  </Block>
  <Block BlockType="Sum" Name="Sum" SID="192">
    <P Name="Ports">[2, 1]</P>
    <P Name="Position">[165, 100, 185, 120]</P>
    <P Name="ZOrder">2</P>
    <P Name="Inputs">++|</P>
  </Block>
  <Block BlockType="Sum" Name="Sum1" SID="209">
    <P Name="Ports">[2, 1]</P>
    <P Name="Position">[160, 130, 180, 150]</P>
    <P Name="ZOrder">5</P>
    <P Name="Inputs">|++</P>
  </Block>
  <Block BlockType="Outport" Name="pd" SID="195">
    <P Name="Position">[260, 118, 290, 132]</P>
    <P Name="ZOrder">1</P>
  </Block>
  <Line>
    <P Name="ZOrder">10</P>
    <P Name="Src">189#out:1</P>
    <P Name="Dst">192#in:2</P>
  </Line>
  <Line>
    <P Name="Name">pd</P>
    <P Name="ZOrder">5</P>
    <P Name="Labels">[0, 0]</P>
    <P Name="Src">190#out:1</P>
    <P Name="Dst">195#in:1</P>
  </Line>
  <Line>
    <P Name="ZOrder">6</P>
    <P Name="Src">192#out:1</P>
    <P Name="Dst">190#in:1</P>
  </Line>
  <Line>
    <P Name="ZOrder">8</P>
    <P Name="Src">191#out:1</P>
    <P Name="Points">[35, 0]</P>
    <P Name="Dst">192#in:1</P>
  </Line>
  <Line>
    <P Name="ZOrder">12</P>
    <P Name="Src">208#out:1</P>
    <P Name="Dst">209#in:1</P>
  </Line>
  <Line>
    <P Name="ZOrder">13</P>
    <P Name="Src">209#out:1</P>
    <P Name="Dst">190#in:2</P>
  </Line>
  <Line>
    <P Name="ZOrder">14</P>
    <P Name="Src">210#out:1</P>
    <P Name="Points">[30, 0]</P>
    <P Name="Dst">209#in:2</P>
  </Line>
  <Annotation SID="196">
    <P Name="Name">Punto desiderato</P>
    <P Name="Position">[240, 23, 342, 47]</P>
    <P Name="InternalMargins">[0, 0, 0, 0]</P>
    <P Name="FixedHeight">on</P>
    <P Name="FixedWidth">on</P>
    <P Name="BackgroundColor">cyan</P>
    <P Name="ZOrder">-1</P>
  </Annotation>
</System>
