<?xml version="1.0" encoding="utf-8"?>
<chart id="24">
  <P Name="name">Plot Trajectory1</P>
  <P Name="windowPosition">[456 52 213 385]</P>
  <P Name="viewLimits">[0 156.75 0 153.75]</P>
  <P Name="screen">[1 1 1280 800 1.333333333333333]</P>
  <P Name="viewObj">24</P>
  <P Name="visible">1</P>
  <subviewS/>
  <P Name="ssIdHighWaterMark">22</P>
  <P Name="decomposition">CLUSTER_CHART</P>
  <P Name="type">EML_CHART</P>
  <P Name="updateMethod">DISCRETE</P>
  <P Name="sampleTime">-1</P>
  <P Name="chartFileNumber">1</P>
  <P Name="disableImplicitCasting">1</P>
  <eml>
    <P Name="name">PlotRocket</P>
  </eml>
  <P Name="supportVariableSizing">0</P>
  <Children>
    <state SSID="1">
      <P Name="labelString">eML_blk_kernel()</P>
      <P Name="position">[18 64.5 118 66]</P>
      <P Name="fontSize">12</P>
      <P Name="superState">SUBCHART</P>
      <P Name="subviewer">24</P>
      <P Name="type">FUNC_STATE</P>
      <P Name="decomposition">CLUSTER_STATE</P>
      <eml>
        <P Name="isEML">1</P>
        <P Name="script">function PlotRocket(f,phi,Geom,x,clock)

eml.extrinsic(&apos;findobj&apos;,&apos;get&apos;,&apos;set&apos;,&apos;figure&apos;,&apos;clf&apos;,...
              &apos;hold&apos;,&apos;delete&apos;,&apos;plot&apos;,&apos;axis&apos;,&apos;grid&apos;,...
              &apos;hggroup&apos;,&apos;quiver&apos;,&apos;drawnow&apos;);
          
persistent chain;
persistent thrust;
persistent ground;
persistent deleted_fig;

L=Geom(1);
Alt=Geom(2);
Dia=Geom(3);

% posizione del propulsore
pex=x(1)+L*sin(x(3));
pey=x(2)-L*cos(x(3));

% Vettore di propulsione
vex=f*sin(x(3)+phi)/5000;
vey=-f*cos(x(3)+phi)/5000;

          
% Gestisco la figura di output
if isempty(deleted_fig)
    deleted_fig=1;
    % La prima volta cancello la figura
    foundFig=findobj(&apos;Tag&apos;,&apos;trajScope&apos;);
    if ~isempty(foundFig)
        cla(foundFig)
        %foundFig=findobj(&apos;Tag&apos;,&apos;stroboScope&apos;);
    end      
else
    foundFig=findobj(&apos;Tag&apos;,&apos;trajScope&apos;);
end



if isempty(foundFig)
    fig=figure(&apos;Color&apos;,&apos;white&apos;);
    clf(fig);
    set(fig,&apos;Name&apos;,&apos;Trajectory&apos;);
    set(fig,&apos;DoubleBuffer&apos;,&apos;on&apos;,&apos;Tag&apos;,&apos;trajScope&apos;);
    set(fig,&apos;Renderer&apos;,&apos;painters&apos;);
    hold(&apos;on&apos;);
    hax=get(fig,&apos;CurrentAxes&apos;);
    set(hax,&apos;DrawMode&apos;,&apos;fast&apos;,&apos;Box&apos;,&apos;off&apos;);    
    

    chain=hggroup;
    thrust=quiver(hax,pex,pey,vex,vey,&apos;Color&apos;,&apos;green&apos;,&apos;LineWidth&apos;,2);
    ground=plot([-30 30],[0 0],&apos;c&apos;,&apos;LineWidth&apos;,3);
    grid(&apos;on&apos;);
    
else
    
    hax=get(foundFig,&apos;CurrentAxes&apos;);

end


if ~isempty(chain)
    delete(chain);
    delete(thrust);
end



% draw the center of mass
chain=hggroup;
h1=plot(hax,x(1),x(2),&apos;r*&apos;,&apos;LineWidth&apos;,3);


width = Dia; % whatever
height = Alt; % whatever...
xLeft = - width/2;
xRigth = width/2;
yBottom = - L;
yTop = height;
xPoint=0;
yPoint=height*3/2;

Vertex=[xLeft yTop  1
        xPoint yPoint 1
        xRigth yTop  1
        xRigth yBottom 1
        xLeft  yBottom 1
        xLeft yTop  1];
    
Rot=[cos(-x(3))  sin(-x(3)) x(1)
     -sin(-x(3)) cos(-x(3)) x(2)
      0         0        1];
      
Vertex=(Rot*Vertex&apos;)&apos;;

h2=line(Vertex(:,1),Vertex(:,2));


%h2=rectangle(&apos;Position&apos;, [xLeft, yBottom, width, height], &apos;EdgeColor&apos;, &apos;b&apos;, &apos;FaceColor&apos;, &apos;r&apos;, &apos;LineWidth&apos;, 4);

set(h1,&apos;Parent&apos;,chain);
set(h2,&apos;Parent&apos;,chain);



% draw the thrust

thrust=quiver(hax,pex,pey,vex,vey,&apos;Color&apos;,&apos;green&apos;,&apos;LineWidth&apos;,2);


% draw the ground
if x(2)&lt;100
    if isempty(ground)
        ground=plot([-30 30],[0 0],&apos;c&apos;,&apos;LineWidth&apos;,3);
    end
end



%axis([-2 42 0 102])
axis equal
drawnow;
</P>
        <P Name="editorLayout" Class="double">Matrix(4,1)
[10.0, 5.0, 700.0, 500.0]</P>
        <P Name="fimathString">fimath(...
&apos;RoundMode&apos;, &apos;floor&apos;,...
&apos;OverflowMode&apos;, &apos;wrap&apos;,...
&apos;ProductMode&apos;, &apos;KeepLSB&apos;, &apos;ProductWordLength&apos;, 32,...
&apos;SumMode&apos;, &apos;KeepLSB&apos;, &apos;SumWordLength&apos;, 32,...
&apos;CastBeforeSum&apos;, true)</P>
        <P Name="fimathForFiConstructors">FimathMatlabFactoryDefault</P>
        <P Name="emlDefaultFimath">FimathUserSpecified</P>
      </eml>
    </state>
    <data SSID="5" name="f">
      <P Name="scope">INPUT_DATA</P>
      <props>
        <array>
          <P Name="size">-1</P>
        </array>
        <type>
          <P Name="method">SF_INHERITED_TYPE</P>
          <P Name="primitive">SF_DOUBLE_TYPE</P>
          <P Name="isSigned">1</P>
          <P Name="wordLength">16</P>
        </type>
        <P Name="complexity">SF_COMPLEX_INHERITED</P>
        <P Name="frame">SF_FRAME_INHERITED</P>
        <unit>
          <P Name="name">inherit</P>
        </unit>
      </props>
      <P Name="dataType">Inherit: Same as Simulink</P>
    </data>
    <data SSID="11" name="phi">
      <P Name="scope">INPUT_DATA</P>
      <props>
        <array>
          <P Name="size">-1</P>
        </array>
        <type>
          <P Name="method">SF_INHERITED_TYPE</P>
          <P Name="primitive">SF_DOUBLE_TYPE</P>
          <P Name="isSigned">1</P>
          <P Name="wordLength">16</P>
        </type>
        <P Name="complexity">SF_COMPLEX_INHERITED</P>
        <P Name="frame">SF_FRAME_INHERITED</P>
        <unit>
          <P Name="name">inherit</P>
        </unit>
      </props>
      <P Name="dataType">Inherit: Same as Simulink</P>
    </data>
    <data SSID="21" name="Geom">
      <P Name="scope">INPUT_DATA</P>
      <props>
        <array>
          <P Name="size">-1</P>
        </array>
        <type>
          <P Name="method">SF_INHERITED_TYPE</P>
          <P Name="primitive">SF_DOUBLE_TYPE</P>
          <P Name="isSigned">1</P>
          <P Name="wordLength">16</P>
        </type>
        <P Name="complexity">SF_COMPLEX_INHERITED</P>
        <P Name="frame">SF_FRAME_INHERITED</P>
        <unit>
          <P Name="name">inherit</P>
        </unit>
      </props>
      <P Name="dataType">Inherit: Same as Simulink</P>
    </data>
    <data SSID="4" name="x">
      <P Name="scope">INPUT_DATA</P>
      <props>
        <array>
          <P Name="size">-1</P>
          <P Name="firstIndex">1</P>
        </array>
        <type>
          <P Name="method">SF_INHERITED_TYPE</P>
          <P Name="primitive">SF_DOUBLE_TYPE</P>
        </type>
        <unit>
          <P Name="name">inherit</P>
        </unit>
      </props>
      <P Name="dataType">Inherit: Same as Simulink</P>
    </data>
    <data SSID="22" name="clock">
      <P Name="scope">INPUT_DATA</P>
      <props>
        <array>
          <P Name="size">-1</P>
        </array>
        <type>
          <P Name="method">SF_INHERITED_TYPE</P>
          <P Name="primitive">SF_DOUBLE_TYPE</P>
          <P Name="isSigned">1</P>
          <P Name="wordLength">16</P>
        </type>
        <P Name="complexity">SF_COMPLEX_INHERITED</P>
        <P Name="frame">SF_FRAME_INHERITED</P>
        <unit>
          <P Name="name">inherit</P>
        </unit>
      </props>
      <P Name="dataType">Inherit: Same as Simulink</P>
    </data>
    <transition SSID="2">
      <P Name="labelString">{eML_blk_kernel();}</P>
      <P Name="labelPosition">[32.125 19.875 102.544 14.964]</P>
      <P Name="fontSize">12</P>
      <src>
        <P Name="intersection">[0 0 1 0 23.5747 14.625 0 0]</P>
      </src>
      <dst>
        <P Name="SSID">3</P>
        <P Name="intersection">[1 0 -1 0 23.5747 42.5747 0 0]</P>
      </dst>
      <P Name="midPoint">[23.5747 24.9468]</P>
      <P Name="dataLimits">[21.175 25.975 14.625 42.575]</P>
      <P Name="subviewer">24</P>
      <P Name="drawStyle">SMART</P>
      <slide>
        <P Name="sticky">BOTH_STICK</P>
      </slide>
      <P Name="executionOrder">1</P>
    </transition>
    <junction SSID="3">
      <P Name="position">[23.5747 49.5747 7]</P>
      <P Name="subviewer">24</P>
      <P Name="type">CONNECTIVE_JUNCTION</P>
    </junction>
  </Children>
</chart>
