<?xml version="1.0" encoding="utf-8"?>
<Stateflow>
  <machine id="23">
    <P Name="sfVersion">80000036</P>
    <Children>
      <target id="60" name="sfun">
        <P Name="description">Default Simulink S-Function Target.</P>
      </target>
      <chart Ref="chart_24"/>
      <chart Ref="chart_34"/>
      <chart Ref="chart_50"/>
    </Children>
  </machine>
  <instance id="33">
    <P Name="machine">23</P>
    <P Name="name">Plot Trajectory1</P>
    <P Name="chart">24</P>
  </instance>
  <instance id="49">
    <P Name="machine">23</P>
    <P Name="name">MATLAB Function</P>
    <P Name="chart">34</P>
  </instance>
  <instance id="59">
    <P Name="machine">23</P>
    <P Name="name">MATLAB Function1</P>
    <P Name="chart">50</P>
  </instance>
</Stateflow>
